{"offline_id": "33b4d81aa4cb49a0bfecb46dbf792464", "project_name": "yolov5", "start_time": 1712236284027, "stop_time": 1712236288453, "tags": [], "workspace": null, "resume_strategy": "create", "customer_error_reported": true, "customer_error_message": "Unexpected error detected in the user script: TypeError('Caught TypeError in DataLoader worker process 0.\\nOriginal Traceback (most recent call last):\\n  File \"/home/mjy/miniconda3/envs/torch/lib/python3.8/site-packages/torch/utils/data/_utils/worker.py\", line 308, in _worker_loop\\n    data = fetcher.fetch(index)\\n  File \"/home/mjy/miniconda3/envs/torch/lib/python3.8/site-packages/torch/utils/data/_utils/fetch.py\", line 51, in fetch\\n    data = [self.dataset[idx] for idx in possibly_batched_index]\\n  File \"/home/mjy/miniconda3/envs/torch/lib/python3.8/site-packages/torch/utils/data/_utils/fetch.py\", line 51, in <listcomp>\\n    data = [self.dataset[idx] for idx in possibly_batched_index]\\n  File \"/home/mjy/yolov5/utils/dataloaders.py\", line 1064, in __getitem__\\n    return torch.from_numpy(img),torch.from_numpy[irimg] ,labels_out, self.im_files[index],self.irim_files[index], shapes\\nTypeError: \\'builtin_function_or_method\\' object is not subscriptable\\n')", "user_provided_experiment_key": false, "comet_start_sourced": false}