{"offline_id": "48177aa041c444f4b00d19320717fd3e", "project_name": "yolov5", "start_time": 1712232193115, "stop_time": 1712232260598, "tags": [], "workspace": null, "resume_strategy": "create", "customer_error_reported": true, "customer_error_message": "Unexpected error detected in the user script: ValueError('Caught ValueError in DataLoader worker process 0.\\nOriginal Traceback (most recent call last):\\n  File \"/home/mjy/miniconda3/envs/torch/lib/python3.8/site-packages/torch/utils/data/_utils/worker.py\", line 308, in _worker_loop\\n    data = fetcher.fetch(index)\\n  File \"/home/mjy/miniconda3/envs/torch/lib/python3.8/site-packages/torch/utils/data/_utils/fetch.py\", line 51, in fetch\\n    data = [self.dataset[idx] for idx in possibly_batched_index]\\n  File \"/home/mjy/miniconda3/envs/torch/lib/python3.8/site-packages/torch/utils/data/_utils/fetch.py\", line 51, in <listcomp>\\n    data = [self.dataset[idx] for idx in possibly_batched_index]\\n  File \"/home/mjy/yolov5/utils/dataloaders.py\", line 953, in __getitem__\\n    img, labels = self.load_mosaic(index)\\n  File \"/home/mjy/yolov5/utils/dataloaders.py\", line 1099, in load_mosaic\\n    irimg, _, _ = self.irload_image(index)\\nValueError: not enough values to unpack (expected 4, got 3)\\n')", "user_provided_experiment_key": false, "comet_start_sourced": false}