{"offline_id": "e5dd27f5e5b14817850db7d5689931d0", "project_name": "yolov5", "start_time": 1712228431984, "stop_time": 1712228493974, "tags": [], "workspace": null, "resume_strategy": "create", "customer_error_reported": true, "customer_error_message": "Unexpected error detected in the user script: TypeError('Caught TypeError in DataLoader worker process 0.\\nOriginal Traceback (most recent call last):\\n  File \"/home/mjy/miniconda3/envs/torch/lib/python3.8/site-packages/torch/utils/data/_utils/worker.py\", line 308, in _worker_loop\\n    data = fetcher.fetch(index)\\n  File \"/home/mjy/miniconda3/envs/torch/lib/python3.8/site-packages/torch/utils/data/_utils/fetch.py\", line 51, in fetch\\n    data = [self.dataset[idx] for idx in possibly_batched_index]\\n  File \"/home/mjy/miniconda3/envs/torch/lib/python3.8/site-packages/torch/utils/data/_utils/fetch.py\", line 51, in <listcomp>\\n    data = [self.dataset[idx] for idx in possibly_batched_index]\\n  File \"/home/mjy/yolov5/utils/dataloaders.py\", line 942, in __getitem__\\n    plt.imshow(self.ims[index])\\n  File \"/home/mjy/miniconda3/envs/torch/lib/python3.8/site-packages/matplotlib/pyplot.py\", line 2695, in imshow\\n    __ret = gca().imshow(\\n  File \"/home/mjy/miniconda3/envs/torch/lib/python3.8/site-packages/matplotlib/__init__.py\", line 1446, in inner\\n    return func(ax, *map(sanitize_sequence, args), **kwargs)\\n  File \"/home/mjy/miniconda3/envs/torch/lib/python3.8/site-packages/matplotlib/axes/_axes.py\", line 5663, in imshow\\n    im.set_data(X)\\n  File \"/home/mjy/miniconda3/envs/torch/lib/python3.8/site-packages/matplotlib/image.py\", line 701, in set_data\\n    raise TypeError(\"Image data of dtype {} cannot be converted to \"\\nTypeError: Image data of dtype object cannot be converted to float\\n')", "user_provided_experiment_key": false, "comet_start_sourced": false}